time_val,ret_1,ret_3,ret_5,body_pct,high_shadow_pct,low_shadow_pct,disp_20,disp_60,bb_pct,vol_ratio,rsi_14,label,profit
540,0.05147058823529416,0.0488997555012225,0.0488997555012225,-0.027210884353741496,0.0,0.0,1.0502478731868536,1.0479175996417376,1.5454222240345525,0.0,84.12698412698413,0,-12590.148413045797
540,0.036308623298033194,0.031626506024096335,0.035264483627204024,-0.01201923076923077,0.0,0.009615384615384616,1.0280782940403976,1.0345391769833912,1.403099128777205,0.0,72.14285714285714,1,40354.35234529653
540,0.020299145299145227,0.021390374331550888,0.017581246670218542,0.0010482180293501049,0.008385744234800839,0.0,1.0169040330094503,1.01739153594162,1.4567493468776989,6.976870175016177,75.75757575757575,0,-17908.23387179291
540,0.03711447987454264,0.03603133159268923,0.03657262277951934,0.007106598984771574,0.0020304568527918783,0.006091370558375634,1.0349504434011476,1.0352744729701524,1.5566968298414117,8.6740954770977,91.66666666666667,0,-10330.066565841436
540,0.03147208121827405,0.030425963488843744,0.030425963488843744,-0.00392156862745098,0.0,0.0058823529411764705,1.025615141955836,1.0232565946839671,1.445981644854392,7.596642368014137,79.06976744186046,0,-1334.8652043590555
540,0.06138613861386144,0.06349206349206349,0.05719921104536496,0.011320754716981131,0.0018867924528301887,0.005660377358490566,1.0526315789473684,1.0519601589715912,1.4998300371268665,11.362769234575843,78.72340425531914,0,-9805.201838662033
540,0.026022304832713727,0.026022304832713727,0.026022304832713727,0.012844036697247707,0.003669724770642202,0.007339449541284404,1.0229325920778318,1.021843761569789,1.502530800116051,0.0,90.625,1,2119.9855651997495
805,0.004285714285714226,-0.007062146892655385,-0.013333333333333308,0.0028530670470756064,0.0028530670470756064,0.008559201141226819,0.9826670394185071,0.9659025853580343,0.04353015950651473,3.186644682010225,31.111111111111114,0,-7550.2353558285395
555,0.0,-0.03288490284005974,-0.06502890173410403,0.0,0.0015455950540958269,0.013910355486862442,0.9369682487962058,0.9104768159110632,-0.045257006519760466,2.855517279786949,10.666666666666657,0,-1756.3798077622196
540,0.03785488958990535,0.03785488958990535,0.03134796238244508,-0.0030303030303030303,0.010606060606060607,0.004545454545454545,1.0200364298724955,1.0194569609957007,0.9482894678941729,4.292244782491288,58.82352941176471,0,-12385.357526609092
540,0.043184183142559895,0.045905059989566954,0.04209979209979209,-0.007425742574257425,0.0024752475247524753,0.007425742574257425,1.0402884789996627,1.0412023593662774,1.550593347692308,9.92156171790871,87.21461187214612,0,-21689.904393110075
540,0.027363184079602032,0.022277227722772297,0.022277227722772297,-0.007211538461538462,0.0,0.0,1.022530329289428,1.0254712491464752,1.4709928842211202,6.241604147887755,75.0,1,20836.368254834437
540,0.023911187019641345,0.019557823129251695,0.020425531914893602,0.00587248322147651,0.00587248322147651,0.0,1.0198179807774093,1.0204834316840672,1.482244248567092,0.0,78.0,1,46579.8407505888
540,-0.015359741309620034,-0.018533440773569665,-0.02168674698795181,-0.001639344262295082,0.001639344262295082,0.006557377049180328,0.9724550898203593,0.9601639688879546,-0.23295190877036076,4.029345261782403,22.35294117647058,0,-14753.2369317353
540,0.09197324414715724,0.09015025041736235,0.09015025041736235,0.0015337423312883436,0.010736196319018405,0.003067484662576687,1.0855290499542847,1.0896045386284,1.5522606170808395,8.789497514255192,85.33333333333333,1,11966.568263481255
540,0.06074766355140193,0.05255023183925811,0.04287901990811638,-0.00583941605839416,0.00583941605839416,0.00583941605839416,1.0246764971411375,1.0221004840343701,0.9033363129292421,0.0,56.79012345679012,0,-17932.754710308276
565,0.005873715124816492,-0.020729092208720545,-0.026988636363636354,0.005873715124816446,0.022026431718061675,0.007342143906020558,0.9764789736279401,0.9668881962006705,-0.06901893538197172,3.3007602289899842,22.368421052631575,0,-9117.043430563761
540,0.040084388185654074,0.04228329809725162,0.044491525423728806,0.0,0.014198782961460446,0.002028397565922921,1.0374579124579124,1.0306620209059232,1.5150125849688443,9.908236131761356,82.14285714285714,1,746.5411466301885
660,0.0,-0.007889546351084853,-0.009842519685039353,0.0,0.003976143141153081,0.0019880715705765406,0.9922083045665253,1.001908872105569,-0.0183782479780561,3.0121293525432447,30.769230769230774,1,14536.775026880438
540,0.04526748971193406,0.04312114989733051,0.04526748971193406,0.026262626262626262,0.00404040404040404,0.00404040404040404,1.0414637896571164,1.035677879714577,1.5456774226616292,0.0,84.375,0,-11144.935290759895
550,0.002105263157894832,0.00634249471458781,0.002105263157894832,0.0,0.008403361344537815,0.004201680672268907,0.9906347554630593,0.9867500475063486,0.2685771954266115,2.775642289904889,36.666666666666664,1,5078.777255489957
785,0.002293577981651307,0.0,-0.004555808656036442,0.001145475372279496,0.002290950744558992,0.0057273768613974796,0.9948776323278316,0.9795094981041149,0.2064194895279823,3.981921650244603,25.000000000000014,0,-5577.664395044791
540,0.024590163934426146,0.02406554019457241,0.02092904543134244,0.003009027081243731,0.007522567703109328,0.003009027081243731,1.0259830199810194,1.018987126795965,1.4244723009868092,0.0,85.22727272727272,1,11653.66759003629
540,0.05029940119760479,0.04778972520907998,0.05282112845138065,-0.006795016987542469,0.0,0.010192525481313703,1.047508137000209,1.0483324700163366,1.543524266434485,7.178653815621119,84.7457627118644,1,89895.43081693049
540,0.0193133047210301,0.022604951560817987,0.022604951560817987,0.004228329809725159,0.005285412262156448,0.0021141649048625794,1.0183026502666346,1.0179843909060062,1.4684639031044182,4.565731093274839,71.42857142857143,0,-14837.652199072763
555,0.0010741138560688146,-0.005336179295624355,-0.014799154334038,0.0010741138560687433,0.0010741138560687433,0.00322234156820623,0.9903830827267414,0.9922370580668057,0.008402775224191477,3.0638855300282146,31.818181818181827,0,-13991.11871496914
845,-0.001187648456057011,-0.0023724792408066353,-0.009422850412249661,-0.0005941770647653001,0.006535947712418301,0.0011883541295306002,0.9868285957346945,0.9647169035761057,0.0920884955294024,3.289102357021388,12.5,0,-18703.705107630463
540,0.02207792207792214,0.02741514360313313,0.02075226977950706,-0.010062893081761006,0.0,0.006289308176100629,1.0213152515978328,1.0206529844697338,1.4544970610452828,2.6384152734094797,73.75,1,37229.80421534623
540,0.08831168831168834,0.0854922279792747,0.08619572261827613,-0.024447031431897557,0.0034924330616996507,0.013969732246798603,1.0800012887843542,1.0741065134263315,1.5570591580778135,10.72858774267225,87.79069767441861,1,8596.952768556075
810,-0.001404494382022503,-0.004201680672268893,-0.006983240223463638,0.0,0.0014064697609001407,0.0014064697609001407,0.9923584214382917,0.9860733891938747,-0.054579592249773656,2.9312153938043815,10.0,0,-20118.872821273864
540,0.0501810543726684,0.05235872786506568,0.05235872786506568,0.004950463687692601,0.009901008594437696,0.004950544906745096,1.050833418430453,1.0493034847797937,1.5539397582988501,8.782710448385641,93.2773039730662,0,-37665.97735098249
540,0.022277167813669285,0.02354400530269518,0.024813903054941466,0.009779970126986781,0.002444972475206506,0.002444972475206506,1.0202568823839697,1.019144918839583,1.4855853851071517,5.372214507703498,73.33328958334701,0,-883.569621183211
825,0.0024999842089854507,0.0024999842089854507,0.0,0.0,0.002493749873680064,0.002493749873680064,1.0,0.9972643630122177,0.5,3.6968593536640872,50.0,0,-13736.163249621866
540,0.03474712955597248,0.033690680814955964,0.03474712955597248,0.01452906503450244,0.0025049942068515654,0.0040080236092169584,1.031715739693026,1.0273234518240373,1.5527870625216609,7.841946973791804,87.05876903122201,0,-13140.879204340628
540,0.03585441176470594,0.037016289390410684,0.03296088704462696,0.015934073561654234,0.0010988581070397773,0.0,1.0333939132049026,1.0328262910184298,1.5421103712506339,7.111823881032221,86.66652083401692,1,65701.45120962523
540,-0.014760147601476037,-0.01717791411042946,-0.01717791411042946,-0.001869158878504673,0.017445482866043614,0.0006230529595015577,0.9792026405464465,0.9687172458276223,-0.29099992404121444,4.303595253142336,6.38297872340425,1,53319.83987376117
540,0.02987804878048772,0.02925045703839113,0.023636363636363678,0.005357142857142857,0.011904761904761904,0.0005952380952380953,1.0284357303781282,1.0216858724253697,1.478982536833299,0.0,80.45977011494253,1,42732.03932229965
540,0.039237668161435035,0.039237668161435035,0.03807390817469214,0.02885682574916759,0.0011098779134295228,0.0,1.035118083859081,1.0350988201138942,1.5492172570428704,7.966785980565343,90.0,0,-3296.8792216391303
540,0.026652452025586415,0.026652452025586415,0.023379383634431372,0.002081165452653486,0.009365244536940686,0.002081165452653486,1.0226186683657215,1.0233884465856056,1.5236002338511363,7.144478579962451,84.375,1,33963.05052708462
875,-0.002270147559591429,-0.007900677200902928,-0.006779661016949157,-0.0011363636363636363,0.003409090909090909,0.0011363636363636363,0.9898927334665953,0.9839460452794283,0.0042714527009309385,2.820827665649547,19.04761904761905,0,-29376.71059581684
540,0.03383458646616533,0.03643216080402012,0.026119402985074647,0.01726263871763255,0.007398273736128237,0.0012330456226880395,1.0248447204968945,1.0218932895673984,1.3333333333329493,3.9414523693999675,68.51851851851852,1,9992.495722072432
540,-0.021428571428571463,-0.02491103202846978,-0.029515938606847647,-0.0036363636363636364,0.006060606060606061,0.01090909090909091,0.9747998814112067,0.9750889679715302,-0.46008027592812395,4.805381871227077,18.421052631578945,0,-21484.89237452869
575,-0.0012468827930174342,-0.0074349442379182396,-0.019583843329253336,-0.0012468827930174563,0.0024937655860349127,0.003740648379052369,0.963609022556391,0.9541583116599496,0.08315755922923451,2.735234884772923,0.0,0,-53069.8190857271
540,0.023285899094437346,0.023285899094437346,0.018018018018018056,0.018018018018018018,0.0032175032175032173,0.0,1.012285641156898,1.0183347458990892,0.9881348551765782,4.463800464956495,56.666666666666664,0,-10857.206307189306
540,0.027941176470588136,0.02342606149341142,0.01969365426695835,0.01451378809869376,0.005805515239477504,0.0,1.021332554061952,1.0236508750091529,1.3754178103714778,5.0764771521106065,72.05882352941177,1,3832.6137739141705
760,-0.003072196620583667,-0.006125574272588086,-0.010670731707317027,-0.0030721966205837174,0.006144393241167435,0.006144393241167435,0.9776304888152444,0.9573448063921327,0.08363356673197367,3.4126965362335975,0.0,1,16667.898236170993
540,0.046875,0.050156739811912265,0.04851330203442883,-0.002976190476190476,0.00744047619047619,0.002976190476190476,1.0442643391521198,1.0410462255600155,1.5523914443216515,7.508245802560391,89.47368421052632,0,-15197.812007052242
540,0.022058823529411686,0.022058823529411686,0.022058823529411686,0.011644832605531296,0.002911208151382824,0.0,1.0214204357570635,1.0201210935111003,1.528148928518253,5.5154122589461965,82.0,1,18214.698924656375
550,0.0,-0.013947001394700176,-0.01532033426183843,0.0,0.0014144271570014145,0.007072135785007072,0.9881201956673655,0.9875451053428005,-0.12591257577349402,3.244185229428712,28.57142857142857,0,-18804.28279810585
660,-0.0033222591362126463,-0.008264462809917328,-0.013157894736842146,-0.0016638935108153079,0.0016638935108153079,0.004991680532445923,0.9828814808747646,0.9778490038163274,0.07049237129540649,3.22144375515162,14.285714285714278,0,-6619.222957566846
540,0.026490066225165476,0.028192371475953548,0.026490066225165476,-0.004815409309791332,0.0016051364365971107,0.008025682182985553,1.0246240290861015,1.0223993403875224,1.4505181931471842,2.7823227462303497,80.0,0,-17765.150329712196
750,0.0,-0.002527379949452402,-0.0033670033670033517,0.0,0.0016891891891891893,0.0033783783783783786,0.9965071750199891,0.9927472435333082,0.1129927921745749,2.9408501633349085,28.57142857142857,0,-18449.46044968837
540,0.03782894736842102,0.031045751633986818,0.026016260162601723,0.007987220447284345,0.006389776357827476,0.01437699680511182,1.0291539245667687,1.0321841900789268,1.453953884127278,6.905739053394046,76.92307692307692,0,-6456.001632980886
555,0.018276762402088753,0.01211072664359869,0.019163763066202044,0.01916376306620209,0.005226480836236934,0.005226480836236934,1.0142603268172163,1.0170817577259095,1.219373434270281,4.120063075286956,62.50000000000001,1,18852.079017880023
730,0.0015822784810126667,-0.0031496062992125706,-0.004716981132075526,0.0015822784810126582,0.006329113924050633,0.0,0.9944230618176105,0.9824488792891601,0.05315248857570775,2.82630556351839,36.363636363636374,0,-6446.020203561173
540,0.034782608695652195,0.0393013100436681,0.03779069767441867,-0.002793296089385475,0.002793296089385475,0.0013966480446927375,1.0338087309056685,1.0308360503868041,1.531467528776375,9.515559241851749,81.08108108108108,1,10662.548240242642
540,0.01949860724233976,0.016666666666666607,0.018080667593880495,-0.0027247956403269754,0.0013623978201634877,0.0027247956403269754,1.018505635174621,1.0192974923703542,1.4594241147177012,4.78702807357212,82.6086956521739,0,-4658.495506855543
540,0.04194857916102834,0.04336043360433606,0.04336043360433606,0.021220159151193633,0.001326259946949602,0.001326259946949602,1.0401188707280833,1.0409156452775774,1.5552313529502269,14.291777983071585,89.47368421052632,0,-21418.754144882085
540,0.022012578616352307,0.024159663865546133,0.023084994753410193,-0.014155712841253791,0.0010111223458038423,0.011122345803842264,1.0197678067147788,1.0186047726421912,1.466821651254055,8.122834148650782,75.75757575757575,0,-26808.850275897887
805,0.001055966209081216,-0.004201680672268893,-0.0062893081761006275,0.0,0.0031645569620253164,0.004219409282700422,0.993893009724006,0.9773615705141973,0.09905046526986708,4.108398412163038,41.379310344827594,0,-19067.498221296933
540,0.04106280193236711,0.04358353510895885,0.034813925570228,-0.0069124423963133645,0.0,0.009216589861751152,1.0387419413146954,1.0381372942593337,1.5094512971202503,4.024576165830231,77.94117647058823,1,38328.77315425535
540,0.022471910112359605,0.020179372197309364,0.022471910112359605,-0.00546448087431694,0.004371584699453552,0.001092896174863388,1.0188658120136596,1.018181818181818,1.4892147586734021,0.0,77.41935483870968,0,-16987.856155407964
540,0.041333333333333444,0.03994673768308932,0.031704095112285335,-0.013888888888888888,0.0025252525252525255,0.006313131313131313,1.0204148293320268,1.018352511653682,0.9541832007237235,0.0,56.060606060606055,0,-5849.255971391569
810,0.0,-0.0028776978417266452,-0.004310344827586188,0.0,0.0007215007215007215,0.002886002886002886,0.995260663507109,0.9904008765452684,-0.015307268644532216,5.374762991912704,31.25,0,-13364.587512329803
540,0.0678886625933468,0.0678886625933468,0.06644067796610176,-0.005689001264222503,0.005689001264222503,0.014538558786346398,1.0626942305093907,1.0590987897456614,1.5590928703698603,13.436756778858276,91.37931034482759,0,-16603.151018425822
540,0.02822322001282873,0.026905829596412634,0.026905829596412634,0.018424396442185513,0.0006353240152477764,0.0,1.0245102738631642,1.0237033410322183,1.531152450387066,9.466541252351519,88.23529411764706,0,-16354.125345373177
540,0.020859671302149163,0.02215189873417711,0.01957070707070696,0.003105590062111801,0.004347826086956522,0.009316770186335404,1.0182207931404073,1.0179319907976427,1.4673924515476258,5.314797833449486,74.19354838709677,0,-6999.801032580319
540,0.03289036544850488,0.03289036544850488,0.029470198675496606,0.008106355382619975,0.002269779507133593,0.0012970168612191958,1.0279554960406023,1.0284712420606916,1.5146970737697127,3.421010240478656,80.41958041958043,0,-10670.366445152322
540,0.04112808460634554,0.04174015285126398,0.043580683156654976,0.014891179839633447,0.003436426116838488,0.022909507445589918,1.0361058324806316,1.0265025343953658,1.492387064096791,7.972745203514434,80.0,1,10202.485845336458
760,0.0,-0.00068493150684934,-0.008831521739130488,0.0,0.026730637422892393,0.00616860863605209,0.9827728474479228,0.9692956717194646,0.11626082060742228,3.3184087283207244,16.799999999999997,1,84828.34530228726
540,0.029391660970608413,0.02588555858310637,0.026584867075664542,0.0053404539385847796,0.0020026702269692926,0.0,1.0272500937894342,1.0265498790088954,1.5214611862803231,4.9333617290226845,83.33333333333333,1,1666.781738412683
540,0.029722589167767488,0.031084656084656048,0.02768622280817401,0.008408796895213453,0.004527813712807244,0.0,1.024461566263081,1.023161694331264,1.4362501601393285,6.561705397864912,74.35897435897436,0,-739.5909066207241
690,-0.0013012361743656164,-0.004539559014267169,-0.006472491909385147,-0.0006510416666666666,0.0006510416666666666,0.0026041666666666665,0.9960417883330089,0.987551066362145,-0.04677597933999243,4.01030817710837,38.46153846153846,0,-50.289251676993445
540,0.03546099290780136,0.03279742765273319,0.03612903225806452,0.010062893081761006,0.008176100628930818,0.005660377358490566,1.0338612076734903,1.0335451693347277,1.5453224616464836,10.754461593193863,90.0,0,-18812.183094278444
540,0.061155913978494514,0.06617150573936526,0.05831099195710454,0.022006472491909384,0.0012944983818770227,0.005177993527508091,1.0596248699795323,1.0601228641444829,1.5467064371511963,4.208990640690083,85.5072463768116,1,45938.6137617128
540,0.026187576126674772,0.021212121212121238,0.01997578692493951,0.0005938242280285036,0.011876484560570071,0.0011876484560570072,1.0178808747130603,1.0222498597060652,1.4371001285410365,0.0,73.84615384615384,0,-15718.698531043017
540,0.05585106382978733,0.05374917053749173,0.04818481848184808,0.01860166773572803,0.0012828736369467607,0.008980115458627326,1.0438440807204366,1.0435811217839892,1.4678217792094725,6.2514695509052425,78.2258064516129,1,13021.937617301359
540,0.03749098774333093,0.03450754852624005,0.03228120516499278,0.013380281690140845,0.002112676056338028,0.005633802816901409,1.034730711152657,1.034569528488407,1.4827865950034964,4.493148454513472,83.54430379746836,0,-17842.23400714679
540,0.023809523809523725,0.020129403306973437,0.021966150522146233,0.0099644128113879,0.0028469750889679717,0.012099644128113879,1.0155481204487307,1.01742310174231,1.2122739253308972,5.161030687086938,63.768115942028984,0,-12428.05650854425
750,0.0,-0.000711743772242035,-0.000711743772242035,0.0,0.00035612535612535614,0.0007122507122507123,0.997814615425617,0.9892665053902342,0.24157790888724917,5.772132984684348,10.0,0,-13945.416836792603
540,0.03629629629629627,0.03706449221645669,0.03247232472324724,0.01597676107480029,0.006535947712418301,0.010167029774872912,1.033597458488022,1.0274110929553675,1.534707648674937,6.334127794801952,82.43243243243244,0,-22532.750744881225
625,0.0,-0.006741573033707815,-0.009708737864077666,0.0007547169811320754,0.0007547169811320754,0.0030188679245283017,0.9909017878827507,0.989441480431295,0.09825954608013454,3.591822551688191,26.666666666666657,0,-4800.202179072658
540,0.03445692883895135,0.0352323838080959,0.03368263473053901,0.016936671575846832,0.0029455081001472753,0.0,1.0366311364659961,1.0315721328619094,1.4855998071925338,0.0,92.7536231884058,0,-23505.19738369144
540,0.037275064267352276,0.03594351732991008,0.03594351732991008,0.0012406947890818859,0.0,0.00620347394540943,1.0354782831847051,1.0357883928380431,1.5570289877320604,4.058452922646132,93.93939393939394,1,18934.417152599315
540,0.040441176470588314,0.040441176470588314,0.05400372439478596,0.0035460992907801418,0.008865248226950355,0.015957446808510637,1.041781704399043,1.0347664462658825,1.4583857599030507,5.184059707224224,71.42857142857143,0,-3296.8792216392467
540,0.03215926493108734,0.03852080123266566,0.04496124031007742,0.004470938897168405,0.010432190760059613,0.010432190760059613,1.0331877059860504,1.0274781813331302,1.3499126581636405,5.00777207169982,72.72727272727273,0,-6993.849254199886
540,0.11698113207547167,0.12547528517110274,0.11487758945386073,0.03677758318739054,0.0035026269702276708,0.010507880910683012,1.1181414675606762,1.1066454808860642,1.5383849759605897,7.38732851535462,86.73469387755102,1,50578.96514475858
585,0.02124430955993928,0.02905198776758411,0.030627871362940207,0.021244309559939303,0.01669195751138088,0.0015174506828528073,1.0192722729165877,1.0196325989520865,1.0382405611390337,3.2505189413596267,56.84931506849315,1,14474.944625820499
540,0.03339882121807469,0.031372549019607954,0.025341130604288553,-0.005671077504725898,0.007561436672967864,0.005671077504725898,1.0299084634588085,1.0315748185918807,1.4442808762993664,3.529499671229601,72.22222222222221,0,-18455.862047165632
540,0.03526734926052333,0.03762827822120873,0.036446469248291535,-0.007633587786259542,0.0,0.0054525627044711015,1.0337384982392366,1.0290043534799571,1.5113020153527834,6.12847010416252,84.44444444444444,1,2179.5115518681705
540,0.03254882323485231,0.030999999999999917,0.022817460317460236,0.000970873786407767,0.006796116504854369,0.002912621359223301,1.03017585931255,1.0291560953292018,1.3691497498002874,4.885050443831286,74.6268656716418,0,-26498.503759641782
540,0.04873646209386284,0.04496402877697836,0.04779080252479706,-0.002575107296137339,0.0008583690987124463,0.008583690987124463,1.0381024701835886,1.0390771707055353,1.4310166949817922,9.133961618881466,74.53416149068323,0,-11016.610793932807
540,0.06908768821966338,0.0700354609929077,0.06719717064544661,0.00919732441471572,0.0008361204013377926,0.002508361204013378,1.0622895993311183,1.0616199892987765,1.5498105251748615,8.830626290939472,85.85858585858585,0,-4948.417118537822
780,-0.0016666666666667052,-0.0066334991708125735,-0.012366034624896938,-0.0008340283569641367,0.0008340283569641367,0.004170141784820684,0.9859270841906016,0.9825712528193562,-0.09714257207691399,3.4569413842561656,4.347826086956516,1,74908.54093960114
540,0.03400309119010814,0.03320463320463318,0.0316114109483423,-0.0007468259895444362,0.004480955937266617,0.0037341299477221808,1.0312138728323699,1.026801987606239,1.5451922017711741,0.0,84.61538461538461,1,177718.7099780182
540,0.061139896373056946,0.06279190451478978,0.04703476482617597,-0.000975609756097561,0.007804878048780488,0.002926829268292683,1.0365159298529747,1.0243072921876564,1.0810034788919611,5.432492034419446,61.39705882352941,0,-23250.40849503409
540,0.040646853146853124,0.0401922236784622,0.042925974594831384,0.0,0.007979840403191937,0.007979840403191937,1.0334201388888888,1.0367198838896954,1.4513005236913323,7.368600627142602,75.1592356687898,0,-21715.584519517375
540,0.006584043377227067,-0.0045959402527767645,-0.009527439024390238,0.00038491147036181676,0.025789068514241724,0.00038491147036181676,0.9771962476265674,0.9498082902658964,0.17447811806904195,5.551444551844601,26.0204081632653,1,6290.4920825005975
540,0.035031847133758065,0.03668261562998398,0.035031847133758065,0.0030864197530864196,0.011574074074074073,0.010802469135802469,1.0327706057596822,1.0273701957271937,1.5118000360033172,6.233274531004002,78.57142857142857,0,-3296.8792216391303
540,0.022187004754358197,0.025437201907790197,0.020569620253164667,-0.027149321266968326,0.0030165912518853697,0.006033182503770739,1.0205292512163284,1.0190646724246892,1.4637518087809578,9.83121448394344,70.3125,0,-18749.64078409446
540,0.045166402535657735,0.04022082018927442,0.04022082018927442,-0.0007575757575757576,0.021212121212121213,0.014393939393939395,1.034063737211399,1.0224806201550387,1.4151377279482924,8.752780675115611,67.61904761904762,1,21639.590062428848
575,0.0009523809523810378,-0.002846299810246644,-0.006616257088846833,0.0009523809523809524,0.0009523809523809524,0.009523809523809525,0.96772708438838,0.957936471767762,0.12706012247186152,2.966698409950076,12.676056338028175,0,-11831.920217838255
540,0.040152963671128195,0.040152963671128195,0.040152963671128195,0.03225806451612903,0.0,0.0,1.0369311412913986,1.0374749690092495,1.5060426115229184,7.471076579606863,77.27272727272728,1,38843.14242891641
760,-0.0011173184357542443,-0.0044543429844098315,-0.00666666666666671,-0.0011173184357541898,0.0,0.008938547486033519,0.9743072773342778,0.9435937128934939,0.15367562526979878,2.943103692906987,1.3157894736842195,1,80319.15440070652
540,0.018897637795275646,0.018897637795275646,0.01729559748427678,0.022116903633491312,0.004739336492890996,0.004739336492890996,1.0157384512735979,1.0183363500432832,1.4359504504569522,5.102302553089954,73.80952380952381,0,-215.8803938854253
540,0.04717710750193338,0.05124223602484479,0.054517133956386354,-0.01023391812865497,0.0029239766081871343,0.0043859649122807015,1.0483121709507588,1.0415918765064875,1.5400243283390096,7.485232184802702,84.78260869565217,0,-19491.464640489896
540,0.027982326951399017,0.02496328928046987,0.02196193265007329,0.008670520231213872,0.004335260115606936,0.001445086705202312,1.0216253796333565,1.0241236382310146,1.4886141809257671,3.426472683521459,71.875,0,-19004.234993217862
540,0.03660322108345526,0.03660322108345526,0.038123167155425186,0.012875536480686695,0.002861230329041488,0.004291845493562232,1.0320323603367225,1.0297682536604285,1.500180530325566,7.338289962825279,79.48717948717949,1,2334.2118562047835
540,0.03825857519788922,0.03280839895013132,0.03145478374836164,0.019430051813471502,0.0012953367875647669,0.0025906735751295338,1.0295320011773554,1.0315223802346156,1.5105318444960456,5.155701198537133,78.04878048780488,0,-8362.714651262271
540,0.04858044164037856,0.050568900126422234,0.04924242424242431,0.009720534629404616,0.001215066828675577,0.006075334143377886,1.0463029997796593,1.047445983845047,1.552688088935143,0.0,88.46153846153847,0,-18889.106141156284
540,0.03658536585365857,0.04134762633996947,0.027190332326284095,-0.008746355685131196,0.0014577259475218659,0.007288629737609329,1.0304982004167456,1.0295620576100533,1.4455549837915365,2.310091883483923,73.95833333333333,1,43606.79705028364
540,0.03401360544217691,0.02981029810298108,0.02981029810298108,0.061452513966480445,0.002793296089385475,0.00558659217877095,1.024396818978299,1.017357547632859,1.3667909353965133,5.369982160126381,67.24137931034483,0,-33460.263139931834
540,0.03545051698670609,0.03088235294117636,0.02186588921282806,-0.01267605633802817,0.0014084507042253522,0.01267605633802817,1.019043465620003,1.0215184339631806,1.0819182974884114,0.0,55.88235294117647,1,9499.594511606614
540,0.03563474387527843,0.0379464285714286,0.03333333333333344,0.008676789587852495,0.006507592190889371,0.006507592190889371,1.0293303818483674,1.0307754830605533,1.4364237600919514,7.42186838316253,71.42857142857143,0,-20444.459794170223
540,0.055928411633109576,0.06306306306306309,0.058295964125560484,-0.018711018711018712,0.0,0.004158004158004158,1.056874160322436,1.053375488190441,1.5411235143070277,5.816885584698393,81.3953488372093,0,-15966.834146787878
540,0.02777777777777768,0.02777777777777768,0.02997858672376874,0.008385744234800839,0.0020964360587002098,0.0,1.0278875948285073,1.0262792930550124,1.5237759647330233,1.9242641890033314,79.16666666666666,1,19496.747241067584
540,0.03651115618661249,0.03861788617886175,0.03651115618661249,0.013888888888888888,0.0,0.001984126984126984,1.033628318584071,1.0354959640649803,1.4996594924553097,5.482853566958698,82.35294117647058,1,4505.10215431673
540,0.04233870967741926,0.0381526104417671,0.04024144869215296,0.011741682974559686,0.0019569471624266144,0.009784735812133072,1.0408173536665157,1.040503144654088,1.4733609969775976,4.993457367605697,86.36363636363636,0,-24503.32859990222
540,0.03678929765886285,0.03678929765886285,0.03161397670549082,0.011419249592169658,0.013050570962479609,0.011419249592169658,1.027383073035337,1.0265892125343232,1.3842429880204723,3.4999921780892636,70.73170731707317,0,-8119.636257663486
540,0.04160000000000008,0.03497615262321152,0.03333333333333344,0.03662420382165605,0.0,0.012738853503184714,1.0251161325879852,1.0278947368421052,0.9890850838944476,4.492545835183658,53.6231884057971,0,-24731.354937302764
540,0.04142857142857137,0.0399429386590584,0.03846153846153855,-0.0013698630136986301,0.015068493150684932,0.00821917808219178,1.041354188986501,1.0396463205932687,1.4640083143863094,5.256089409789688,85.41666666666667,0,-12183.806910335086
540,0.04625850340136051,0.04341926729986434,0.042005420054200604,0.0039164490861618795,0.013054830287206266,0.0026109660574412533,1.0319377348362855,1.0235932248510864,1.2452222878146615,2.343007639674023,65.75342465753425,0,-18850.113876178046
540,0.06797385620915031,0.061038961038961004,0.05966277561608302,0.009888751545117428,0.002472187886279357,0.004944375772558714,1.042291254704344,1.0371420410667627,1.2138939664958295,0.0,66.66666666666666,1,7682.714520105161
775,0.0010172939979653517,-0.007063572149344055,-0.003039513677811523,0.0,0.0,0.006097560975609756,0.9833116818227241,0.9947516069518041,0.12667095055452332,3.0345019347962094,29.032258064516128,0,-15451.7953286923
540,0.05837004405286339,0.05604395604395607,0.05372807017543857,0.054884742041712405,0.003293084522502744,0.0010976948408342481,1.043317772228857,1.024338248356724,1.3658334990677419,5.218982495846676,72.72727272727273,1,1888.881032150588
540,0.09792843691148767,0.10521327014218018,0.10626185958254264,0.021015761821366025,0.006129597197898424,0.0,1.0969987769310376,1.077899667200789,1.5486876366224347,8.085252678299394,93.7007874015748,0,-22102.59848160809
540,0.02452667814113596,0.022766323024054902,0.020137103684661595,0.0004201680672268908,0.007142857142857143,0.011764705882352941,1.01948190965532,1.0181305054305996,1.4512252863827864,3.479928233123305,71.13402061855669,0,-18785.335949400323
735,0.0,-0.0017361111111111605,-0.0034662045060658286,0.0,0.0008695652173913044,0.0008695652173913044,0.99524015577672,0.9862003415969298,0.07672530040007776,3.05675207602469,13.63636363636364,1,33971.15051181277
540,0.020193861066235774,0.020193861066235774,0.01937046004842613,0.00397456279809221,0.005564387917329093,0.000794912559618442,1.0186510736969452,1.0197476871320437,1.550964950099774,5.285176022835395,85.71428571428571,1,35371.72958132182
755,0.0,-0.003918495297805635,-0.004698512137823019,0.0,0.0007867820613690008,0.004720692368214005,0.9940754355434761,0.9884448131274182,0.19911085533961304,3.215537325998003,38.888888888888886,1,129230.91575203766
540,0.07914201183431957,0.07834441980783446,0.08234421364985156,0.03991446899501069,0.0042765502494654314,0.003563791874554526,1.065313424117411,1.0657414170927684,1.4754931112129361,9.280794729513477,79.57746478873239,1,12415.370112084202
540,0.0758928571428572,0.06873614190687372,0.06167400881057272,0.029914529914529916,0.002136752136752137,0.00641025641025641,1.0413178503915743,1.020952111979948,1.0594139576363988,0.0,61.11111111111111,1,44263.64313915395
540,0.05164319248826299,0.06161137440758302,0.0847457627118644,-0.013215859030837005,0.00881057268722467,0.004405286343612335,1.0673019654556284,1.041698961401333,1.4556280531194516,0.0,84.44444444444444,1,14501.390792260063
540,0.026960784313725394,0.02444987775061125,0.019464720194647178,-0.002380952380952381,0.002380952380952381,0.014285714285714285,1.020706455542022,1.0261936542535604,1.2439947753877172,6.998819269778867,62.96296296296296,0,-24705.776803990593
760,0.0005379236148466138,-0.0048154093097912964,-0.01221455124800852,0.0005379236148466917,0.0032275416890801506,0.010220548682087143,0.9759424928509589,0.947589632554289,0.11580509392838685,3.2719321196327362,6.493506493506487,1,5812.772957518115
540,0.03369065849923425,0.03686635944700467,0.03686635944700467,0.0,0.007407407407407408,0.0024691358024691358,1.0320048924676384,1.028123188620411,1.5287503619636547,6.8295215784770695,85.3932584269663,0,-20523.84674126515
540,0.021695257315842653,0.02066532258064524,0.02066532258064524,-0.004914004914004914,0.002457002457002457,0.0,1.0196888060828844,1.0187397811596026,1.54773649771974,4.704493214521868,90.56603773584905,0,-3296.8792216392467
540,0.032258064516129004,0.032258064516129004,0.032258064516129004,0.009708737864077669,0.0,0.0048543689320388345,1.026970314139357,1.0234121940218952,1.4748657788720743,6.914024418550671,77.5,1,7484.76511370379
540,0.03562945368171011,0.03562945368171011,0.03562945368171011,-0.00683371298405467,0.0,0.00683371298405467,1.0332977840976418,1.0321969696969697,1.5479608387975727,7.677126995233019,84.0909090909091,0,-14726.96088194137
560,-0.001242236024844745,-0.012285012285012331,-0.012285012285012331,-0.0012422360248447205,0.0012422360248447205,0.004968944099378882,0.9911242603550295,0.9855960772295433,-0.05041144238241756,3.0881179170717012,39.285714285714285,1,36372.896729738335
540,0.027210884353741527,0.026673640167363954,0.025065274151436112,0.008735868448098663,0.008735868448098663,0.0,1.0236754276178557,1.0203012045583504,1.511814825163976,5.141447795422093,81.33333333333334,1,30722.025053526508
540,0.05793991416309008,0.05341880341880345,0.05793991416309008,-0.017928286852589643,0.00398406374501992,0.00597609561752988,1.0436623445355915,1.037676278678173,1.2861103020980937,0.0,64.65517241379311,1,2768.251330764615
775,0.031339031339031376,0.030360531309297834,0.042226487523992384,0.03231939163498099,0.0,0.0,1.0409278251701333,1.028295485031641,1.1031230498209832,1.6748633173205112,62.804878048780495,1,4045.3168798589613
540,0.04054054054054057,0.033557046979865834,0.033557046979865834,-0.004310344827586207,0.015086206896551725,0.0,1.0344827586206897,1.0378718385532695,1.5041580220928152,7.912762881492664,75.0,1,106728.78995519271
540,0.03830645161290325,0.04040404040404044,0.03621730382293764,0.00980392156862745,0.03137254901960784,0.00980392156862745,1.0319607253782186,1.0274655848906031,1.4497023343182447,11.571964999652774,76.47058823529412,0,-16844.300280762604
540,0.044871794871794934,0.04042553191489362,0.03601694915254239,0.03382663847780127,0.004228329809725159,0.0,1.0326259106746911,1.0319902921158615,1.4254737397665282,8.547726811125665,70.58823529411765,0,-30813.223046808736
540,0.019588146659969885,0.016524787180771217,0.014999999999999902,0.0024691358024691358,0.009876543209876543,0.007407407407407408,1.0148985101489851,1.016418751173513,1.409376906578564,5.218170177848445,72.05882352941177,0,-3296.8792216392467
540,0.03809523809523818,0.03809523809523818,0.03612167300380231,0.026365348399246705,0.0018832391713747645,0.0,1.0327837786621186,1.0294025058238367,1.502409981208794,0.0,75.86206896551724,0,-8783.318418584298
540,0.05046728971962611,0.054409005628517804,0.05046728971962611,0.0,0.017793594306049824,0.0035587188612099642,1.0468473502840645,1.0461977599205732,1.5369457836491514,6.08975626288587,86.11111111111111,0,-21031.810196343227
540,0.03833333333333333,0.03488372093023262,0.0314569536423841,0.00322061191626409,0.004830917874396135,0.004830917874396135,1.0318840579710145,1.0271911625286818,1.4847800092741616,3.4245745344382073,70.0,0,-20895.16867358447
540,0.022608695652173827,0.01906412478336228,0.02083333333333326,-0.010101010101010102,0.003367003367003367,0.0016835016835016834,1.0192407696307852,1.0172423735655383,1.4949530115853065,3.1390350486042986,75.0,1,5178.487451646128
540,0.03535353535353525,0.032745591939546514,0.03361344537815136,-0.0032414910858995136,0.0016207455429497568,0.011345218800648298,1.0276977064795088,1.0258691391317645,1.4215671666215126,4.1673858262280365,71.23287671232876,0,-4917.534702579607
540,0.03535353535353525,0.03535353535353525,0.03535353535353525,0.006546644844517185,0.016366612111292964,0.0016366612111292963,1.0307982401005658,1.0280269682955367,1.5179436703186462,0.0,81.0344827586207,1,115010.97088701162
540,0.05238095238095242,0.04245283018867929,0.044917257683215084,0.00798175598631699,0.011402508551881414,0.0,1.035735207967194,1.0461744807589892,1.38107767773824,0.0,71.42857142857143,0,-22464.24692891538
540,0.06707317073170738,0.06837606837606836,0.06447688564476883,-0.004550625711035267,0.010238907849829351,0.01478953356086462,1.054026380774559,1.0329663843225216,1.3949224234463868,6.126872156622195,76.25,0,-21522.307715872186
545,-0.003061224489795955,0.018769551616266922,0.010341261633919352,-0.0020429009193054137,0.017364657814096015,0.005107252298263534,1.040745672436751,1.0617160968983472,0.9684920373156314,3.00692100385893,73.07692307692308,0,-3296.8792216392467
540,0.1119221411192215,0.10653753026634383,0.1119221411192215,0.038636363636363635,0.007954545454545454,0.007954545454545454,1.1018685955394816,1.1094028159896423,1.5506658960023598,7.196512994972109,87.17948717948718,0,-29468.514778182493
540,0.1184056271981242,0.1184056271981242,0.11578947368421044,0.021413276231263382,0.0,0.01284796573875803,1.095292766934558,1.0893623500080885,1.4658175768694308,0.0,75.67567567567568,0,-25236.885024936404
540,0.06882591093117418,0.07317073170731714,0.09203722854188201,0.05389221556886228,0.005988023952095809,0.014970059880239521,1.0712111990261717,1.032476738312122,1.4444137101871606,0.0,79.83870967741936,0,-18398.441657674965
540,0.1455108359133126,0.13729508196721318,0.1223458038422649,0.043233082706766915,0.0,0.016917293233082706,1.1271896420411271,1.1320466076846587,1.503758010374094,5.886240559229021,83.41708542713567,0,-28438.939925958053
